Entrez.ID	Gene symbol	Tissue specificity
100039795	Ildr2	colon_sigmoid
100213	Rusc2	colon_sigmoid
102657	Cd276	colon_sigmoid
103967	Dnm3	colon_sigmoid
104069	Sncb	colon_sigmoid
104158	Ces1d	colon_sigmoid
105000	Dnal1	colon_sigmoid
105827	Amigo2	colon_sigmoid
107589	Mylk	colon_sigmoid
108672	Zdhhc15	colon_sigmoid
109700	Itga1	colon_sigmoid
110075	Bmp3	colon_sigmoid
11303	Abca1	colon_sigmoid
114873	Dscaml1	colon_sigmoid
11639	Ak4	colon_sigmoid
116847	Prelp	colon_sigmoid
12038	Bche	colon_sigmoid
12288	Cacna1c	colon_sigmoid
12373	Casq2	colon_sigmoid
12389	Cav1	colon_sigmoid
12587	Mia	colon_sigmoid
12709	Ckb	colon_sigmoid
12759	Clu	colon_sigmoid
12826	Col4a1	colon_sigmoid
12827	Col4a2	colon_sigmoid
12877	Cpeb1	colon_sigmoid
13384	Mpp3	colon_sigmoid
13483	Dpp6	colon_sigmoid
13838	Epha4	colon_sigmoid
14168	Fgf13	colon_sigmoid
14183	Fgfr2	colon_sigmoid
14218	Sh3pxd2a	colon_sigmoid
14587	Gfra3	colon_sigmoid
14756	Gpld1	colon_sigmoid
14772	Grk4	colon_sigmoid
14783	Grb10	colon_sigmoid
16002	Igf2	colon_sigmoid
16010	Igfbp4	colon_sigmoid
16467	Atcay	colon_sigmoid
16521	Kcnj5	colon_sigmoid
16570	Kif3c	colon_sigmoid
16574	Kif5c	colon_sigmoid
16679	Krt86	colon_sigmoid
16716	Ky	colon_sigmoid
16998	Ltbp3	colon_sigmoid
171486	Cd99l2	colon_sigmoid
17528	Mpz	colon_sigmoid
17754	Map1a	colon_sigmoid
17762	Mapt	colon_sigmoid
18049	Ngf	colon_sigmoid
18188	Nrtn	colon_sigmoid
18214	Ddr2	colon_sigmoid
18546	Pcp4	colon_sigmoid
18574	Pde1b	colon_sigmoid
18647	Cdk14	colon_sigmoid
18784	Pla2g5	colon_sigmoid
18795	Plcb1	colon_sigmoid
19122	Prnp	colon_sigmoid
19193	Pipox	colon_sigmoid
192176	Flna	colon_sigmoid
19224	Ptgs1	colon_sigmoid
19225	Ptgs2	colon_sigmoid
195727	Nhs	colon_sigmoid
19713	Ret	colon_sigmoid
20200	S100a6	colon_sigmoid
20348	Sema3c	colon_sigmoid
20518	Slc22a2	colon_sigmoid
20527	Slc2a3	colon_sigmoid
20617	Snca	colon_sigmoid
20667	Sox12	colon_sigmoid
208177	Phldb2	colon_sigmoid
209378	Itih5	colon_sigmoid
210108	D130043K22Rik	colon_sigmoid
210274	Shank2	colon_sigmoid
214239	A430105I19Rik	colon_sigmoid
214804	Syde2	colon_sigmoid
216233	Socs2	colon_sigmoid
217333	Trim47	colon_sigmoid
21789	Tfpi2	colon_sigmoid
21825	Thbs1	colon_sigmoid
21834	Thrb	colon_sigmoid
22151	Tubb2a	colon_sigmoid
225341	Lims2	colon_sigmoid
230868	Igsf21	colon_sigmoid
231986	Jazf1	colon_sigmoid
232664	Ccdc136	colon_sigmoid
232813	Shisa7	colon_sigmoid
233107	Kctd15	colon_sigmoid
233733	Galnt18	colon_sigmoid
236285	Lancl3	colon_sigmoid
237636	Npc1l1	colon_sigmoid
238076	Kcns3	colon_sigmoid
23948	Mmp17	colon_sigmoid
23965	Tenm3	colon_sigmoid
24131	Ldb3	colon_sigmoid
241727	Snph	colon_sigmoid
242553	Kank4	colon_sigmoid
245877	Map7d1	colon_sigmoid
272428	Acsm5	colon_sigmoid
272636	Esyt3	colon_sigmoid
27400	Hsd17b6	colon_sigmoid
278507	Wfikkn2	colon_sigmoid
319804	Glt1d1	colon_sigmoid
320706	Soga1	colon_sigmoid
329274	Fam163a	colon_sigmoid
329628	Fat4	colon_sigmoid
380709	Spata22	colon_sigmoid
384009	Glipr2	colon_sigmoid
442834	D830031N03Rik	colon_sigmoid
50768	Dlc1	colon_sigmoid
51800	Bok	colon_sigmoid
51801	Ramp1	colon_sigmoid
52065	Mfhas1	colon_sigmoid
52463	Tet1	colon_sigmoid
52589	Ncald	colon_sigmoid
53324	Nptx2	colon_sigmoid
53418	B4galt2	colon_sigmoid
54326	Elovl2	colon_sigmoid
54635	Pdgfc	colon_sigmoid
56209	Gde1	colon_sigmoid
56213	Htra1	colon_sigmoid
56878	Rbms1	colon_sigmoid
57776	Ttyh1	colon_sigmoid
59049	Slc22a17	colon_sigmoid
59095	Fxyd6	colon_sigmoid
59125	Nek7	colon_sigmoid
63913	Fam129a	colon_sigmoid
65112	Pmepa1	colon_sigmoid
66395	Ahnak	colon_sigmoid
668212	Efr3b	colon_sigmoid
67249	Tbc1d19	colon_sigmoid
67573	Loxl4	colon_sigmoid
67701	Wfdc2	colon_sigmoid
67886	Camsap2	colon_sigmoid
68262	Agpat4	colon_sigmoid
68519	Eml1	colon_sigmoid
68617	Mtcl1	colon_sigmoid
68725	1110032F04Rik	colon_sigmoid
68794	Flnc	colon_sigmoid
69635	Dapk1	colon_sigmoid
69908	Rab3b	colon_sigmoid
71323	Rassf8	colon_sigmoid
71691	Pnmal1	colon_sigmoid
72125	Amer2	colon_sigmoid
72301	1810041L15Rik	colon_sigmoid
72393	Faim2	colon_sigmoid
72507	Dzip1l	colon_sigmoid
72821	Scn2b	colon_sigmoid
72930	Ppp2r2b	colon_sigmoid
73181	Nfatc4	colon_sigmoid
73569	Vgll3	colon_sigmoid
74053	Grip1	colon_sigmoid
74480	Samd4	colon_sigmoid
74782	Glt8d2	colon_sigmoid
75723	Amotl1	colon_sigmoid
76260	Ttc8	colon_sigmoid
76954	St5	colon_sigmoid
78286	Nav2	colon_sigmoid
78785	Clip4	colon_sigmoid
79196	Osbpl5	colon_sigmoid
80708	Pacsin3	colon_sigmoid
81840	Sorcs2	colon_sigmoid
94180	Acsbg1	colon_sigmoid
99167	Ssx2ip	colon_sigmoid
11522	Adh1	colon_transverse
11611	Agxt	colon_transverse
11833	Aqp8	colon_transverse
13487	Slc26a3	colon_transverse
14080	Fabp1	colon_transverse
14590	Ggh	colon_transverse
171504	Apobr	colon_transverse
17863	Myb	colon_transverse
18703	Pigr	colon_transverse
19049	Ppp1r1b	colon_transverse
19277	Ptpro	colon_transverse
209558	Enpp3	colon_transverse
21401	Tcea3	colon_transverse
217371	Rab40b	colon_transverse
22619	Siae	colon_transverse
237038	Nox1	colon_transverse
26565	Pla2g10	colon_transverse
269275	Acvr1c	colon_transverse
433470	AA467197	colon_transverse
50500	Ttpa	colon_transverse
56838	Ccl28	colon_transverse
67071	Rps6ka6	colon_transverse
67547	Slc39a8	colon_transverse
68891	Cd177	colon_transverse
72446	Prr5l	colon_transverse
72469	Plcd3	colon_transverse
74090	Paqr5	colon_transverse
76282	Gpt	colon_transverse
76886	Fam81a	colon_transverse
101772	Ano1	esophagus_junction
103710	Slc35e4	esophagus_junction
106757	Catsperd	esophagus_junction
109042	Cavin3	esophagus_junction
109648	Npy	esophagus_junction
109689	Arrb1	esophagus_junction
110197	Dgkg	esophagus_junction
114679	Selenom	esophagus_junction
11749	Anxa6	esophagus_junction
11770	Fabp4	esophagus_junction
11826	Aqp1	esophagus_junction
11876	Artn	esophagus_junction
11988	Slc7a2	esophagus_junction
12296	Cacnb2	esophagus_junction
12390	Cav2	esophagus_junction
12830	Col4a5	esophagus_junction
12865	Cox7a1	esophagus_junction
12955	Cryab	esophagus_junction
13008	Csrp2	esophagus_junction
13076	Cyp1a1	esophagus_junction
13078	Cyp1b1	esophagus_junction
13175	Dclk1	esophagus_junction
13190	Dct	esophagus_junction
13527	Dtna	esophagus_junction
13649	Egfr	esophagus_junction
14114	Fbln1	esophagus_junction
14190	Fgl2	esophagus_junction
14199	Fhl1	esophagus_junction
14456	Gas6	esophagus_junction
14609	Gja1	esophagus_junction
14677	Gnai1	esophagus_junction
14862	Gstm1	esophagus_junction
15445	Hpd	esophagus_junction
15904	Id4	esophagus_junction
16007	Cyr61	esophagus_junction
16590	Kit	esophagus_junction
16971	Lrp1	esophagus_junction
171281	Acot3	esophagus_junction
17300	Foxc1	esophagus_junction
17540	Mrvi1	esophagus_junction
17755	Map1b	esophagus_junction
17756	Map2	esophagus_junction
17760	Map6	esophagus_junction
17898	Myl7	esophagus_junction
18074	Nid2	esophagus_junction
18484	Pam	esophagus_junction
18611	Pea15a	esophagus_junction
18933	Prrx1	esophagus_junction
19250	Ptpn14	esophagus_junction
19273	Ptpru	esophagus_junction
19285	Cavin1	esophagus_junction
19659	Rbp1	esophagus_junction
19733	Rgn	esophagus_junction
20147	Rs1	esophagus_junction
20349	Sema3e	esophagus_junction
20441	St3gal3	esophagus_junction
20498	Slc12a4	esophagus_junction
20502	Slc16a2	esophagus_junction
20536	Slc4a3	esophagus_junction
208431	Shroom4	esophagus_junction
213393	8430408G22Rik	esophagus_junction
213435	Mylk3	esophagus_junction
215114	Hip1	esophagus_junction
217082	Hlf	esophagus_junction
21817	Tgm2	esophagus_junction
218232	Ptpdc1	esophagus_junction
21858	Timp2	esophagus_junction
22412	Wnt9b	esophagus_junction
22715	Zfp57	esophagus_junction
227157	Mpp4	esophagus_junction
227753	Gsn	esophagus_junction
229595	Adamtsl4	esophagus_junction
231602	P2rx2	esophagus_junction
234915	Cep126	esophagus_junction
23821	Bace1	esophagus_junction
240638	Slc16a12	esophagus_junction
243277	Adgrd1	esophagus_junction
244653	Hydin	esophagus_junction
244871	Zc3h12c	esophagus_junction
245555	Nexmif	esophagus_junction
259300	Ehd2	esophagus_junction
268527	Greb1	esophagus_junction
26876	Adh4	esophagus_junction
268977	Ltbp1	esophagus_junction
276829	Smtnl2	esophagus_junction
277432	Vstm2l	esophagus_junction
29817	Igfbp7	esophagus_junction
30953	Schip1	esophagus_junction
319477	6030419C18Rik	esophagus_junction
320165	Tacc1	esophagus_junction
329934	Foxo6	esophagus_junction
330671	B4galnt4	esophagus_junction
353169	Slc2a12	esophagus_junction
380921	Dgkh	esophagus_junction
381217	Fam189a2	esophagus_junction
382571	Kcnf1	esophagus_junction
384214	Ephx4	esophagus_junction
52055	Rab11fip5	esophagus_junction
53417	Hif3a	esophagus_junction
54611	Pde3a	esophagus_junction
56177	Olfm1	esophagus_junction
56332	Amotl2	esophagus_junction
56745	C1qtnf1	esophagus_junction
57278	Bcam	esophagus_junction
58207	Slc43a3	esophagus_junction
59012	Moxd1	esophagus_junction
63959	Slc29a1	esophagus_junction
64009	Syne1	esophagus_junction
64074	Smoc2	esophagus_junction
64706	Scube1	esophagus_junction
66141	Ifitm3	esophagus_junction
66273	Aamdc	esophagus_junction
66972	Slc25a23	esophagus_junction
67374	Jam2	esophagus_junction
67749	Mgarp	esophagus_junction
67896	Ccdc80	esophagus_junction
67916	Plpp3	esophagus_junction
68151	Wls	esophagus_junction
68166	Spire1	esophagus_junction
68169	Ndnf	esophagus_junction
68646	Nadk2	esophagus_junction
68861	1190002N15Rik	esophagus_junction
70892	Ttll7	esophagus_junction
71093	Atoh8	esophagus_junction
71914	Antxr2	esophagus_junction
72535	Aldh1b1	esophagus_junction
72661	Serp2	esophagus_junction
74760	Rab3il1	esophagus_junction
75033	Mei4	esophagus_junction
75141	Rasd2	esophagus_junction
76267	Fads1	esophagus_junction
77552	Shisa4	esophagus_junction
77630	Prdm8	esophagus_junction
78408	Fam131a	esophagus_junction
81907	Tmem108	esophagus_junction
83396	Glis2	esophagus_junction
83674	Cnnm1	esophagus_junction
94216	Col4a6	esophagus_junction
99326	Garnl3	esophagus_junction
100342	Fam46b	esophagus_mucosa
102570	Slc22a13	esophagus_mucosa
104010	Cdh22	esophagus_mucosa
104174	Gldc	esophagus_mucosa
104816	Aspg	esophagus_mucosa
105005	Fam84a	esophagus_mucosa
110310	Krt7	esophagus_mucosa
110789	Adgrv1	esophagus_mucosa
11529	Adh7	esophagus_mucosa
11555	Adrb2	esophagus_mucosa
11684	Alox12	esophagus_mucosa
11686	Alox12b	esophagus_mucosa
11745	Anxa3	esophagus_mucosa
11828	Aqp3	esophagus_mucosa
11839	Areg	esophagus_mucosa
12023	Barx2	esophagus_mucosa
12064	Bdnf	esophagus_mucosa
12306	Anxa2	esophagus_mucosa
12443	Ccnd1	esophagus_mucosa
12614	Celsr1	esophagus_mucosa
12765	Cxcr2	esophagus_mucosa
13106	Cyp2e1	esophagus_mucosa
13120	Cyp4b1	esophagus_mucosa
13512	Dsg3	esophagus_mucosa
13601	Ecm1	esophagus_mucosa
13640	Efna5	esophagus_mucosa
13713	Elk3	esophagus_mucosa
13730	Emp1	esophagus_mucosa
13731	Emp2	esophagus_mucosa
13821	Epb41l1	esophagus_mucosa
13836	Epha2	esophagus_mucosa
13874	Ereg	esophagus_mucosa
14049	Eya2	esophagus_mucosa
14184	Fgfr3	esophagus_mucosa
14283	Fosl1	esophagus_mucosa
14429	Galr3	esophagus_mucosa
14621	Gjb4	esophagus_mucosa
14622	Gjb5	esophagus_mucosa
14664	Slc6a9	esophagus_mucosa
14733	Gpc1	esophagus_mucosa
15118	Has3	esophagus_mucosa
15200	Hbegf	esophagus_mucosa
15206	Hes2	esophagus_mucosa
15507	Hspb1	esophagus_mucosa
15937	Ier3	esophagus_mucosa
16175	Il1a	esophagus_mucosa
16180	Il1rap	esophagus_mucosa
16181	Il1rn	esophagus_mucosa
16420	Itgb6	esophagus_mucosa
16475	Ajuba	esophagus_mucosa
16530	Kcnk7	esophagus_mucosa
16592	Fabp5	esophagus_mucosa
16663	Krt13	esophagus_mucosa
16664	Krt14	esophagus_mucosa
16666	Krt16	esophagus_mucosa
16675	Krt27	esophagus_mucosa
16682	Krt4	esophagus_mucosa
16952	Anxa1	esophagus_mucosa
170442	Bbox1	esophagus_mucosa
17068	Ly6d	esophagus_mucosa
17069	Ly6e	esophagus_mucosa
171168	Acer1	esophagus_mucosa
171180	Syt12	esophagus_mucosa
171388	Bnipl	esophagus_mucosa
17153	Mal	esophagus_mucosa
17240	Mdfi	esophagus_mucosa
18131	Notch3	esophagus_mucosa
18143	Npas2	esophagus_mucosa
18300	Oit1	esophagus_mucosa
192212	Prom2	esophagus_mucosa
19227	Pthlh	esophagus_mucosa
195733	Grhl1	esophagus_mucosa
20249	Scd1	esophagus_mucosa
20322	Sord	esophagus_mucosa
20425	Shmt1	esophagus_mucosa
20443	St3gal4	esophagus_mucosa
20446	St6galnac2	esophagus_mucosa
20459	Ptk6	esophagus_mucosa
20512	Slc1a3	esophagus_mucosa
20620	Plk2	esophagus_mucosa
20680	Sox7	esophagus_mucosa
20724	Serpinb5	esophagus_mucosa
207259	Zbtb7c	esophagus_mucosa
20743	Sptbn2	esophagus_mucosa
20753	Sprr1a	esophagus_mucosa
20897	Stra6	esophagus_mucosa
212439	AA986860	esophagus_mucosa
213121	Ankrd35	esophagus_mucosa
213171	Prss27	esophagus_mucosa
213649	Arhgef19	esophagus_mucosa
213980	Fbxw10	esophagus_mucosa
214531	Tmprss13	esophagus_mucosa
214593	Duox2	esophagus_mucosa
215446	Entpd3	esophagus_mucosa
216456	Gls2	esophagus_mucosa
21664	Phlda1	esophagus_mucosa
216892	Spns2	esophagus_mucosa
217169	Tns4	esophagus_mucosa
217733	Tmem63c	esophagus_mucosa
217887	BC022687	esophagus_mucosa
21816	Tgm1	esophagus_mucosa
21823	Th	esophagus_mucosa
21953	Tnni2	esophagus_mucosa
21987	Tpd52l1	esophagus_mucosa
22041	Trf	esophagus_mucosa
22359	Vldlr	esophagus_mucosa
223917	Krt79	esophagus_mucosa
22417	Wnt4	esophagus_mucosa
22422	Wnt7b	esophagus_mucosa
225608	Sh3tc2	esophagus_mucosa
226101	Myof	esophagus_mucosa
227737	Fam129b	esophagus_mucosa
229658	Vangl1	esophagus_mucosa
230603	Ttc39a	esophagus_mucosa
230824	Grhl3	esophagus_mucosa
231002	Plekhn1	esophagus_mucosa
231293	Cwh43	esophagus_mucosa
232943	Klc3	esophagus_mucosa
234593	Ndrg4	esophagus_mucosa
235584	Dusp7	esophagus_mucosa
236643	Sytl5	esophagus_mucosa
237504	Rassf9	esophagus_mucosa
237806	Dnah9	esophagus_mucosa
237847	Rtn4rl1	esophagus_mucosa
23801	Aloxe3	esophagus_mucosa
238377	Gpr68	esophagus_mucosa
23936	Lynx1	esophagus_mucosa
23945	Mgll	esophagus_mucosa
241391	Galnt5	esophagus_mucosa
242125	Mab21l3	esophagus_mucosa
242126	Slc22a15	esophagus_mucosa
242466	Zfp462	esophagus_mucosa
245827	Fat2	esophagus_mucosa
246727	Oas3	esophagus_mucosa
26912	Gcat	esophagus_mucosa
269356	Slc4a11	esophagus_mucosa
269589	Sytl1	esophagus_mucosa
282619	Sbsn	esophagus_mucosa
30785	Cttnbp2	esophagus_mucosa
319710	Frmd6	esophagus_mucosa
320782	Tmem154	esophagus_mucosa
320825	Samd5	esophagus_mucosa
332131	Krt78	esophagus_mucosa
381259	Tmem237	esophagus_mucosa
386454	Rnf39	esophagus_mucosa
407243	Tmem189	esophagus_mucosa
407790	Ndufa4l2	esophagus_mucosa
52187	Rragd	esophagus_mucosa
53412	Ppp1r3c	esophagus_mucosa
53902	Rcan3	esophagus_mucosa
54156	Egfl6	esophagus_mucosa
545481	Arhgap40	esophagus_mucosa
545975	Cers3	esophagus_mucosa
55925	Syt8	esophagus_mucosa
56047	Msln	esophagus_mucosa
56318	Acpp	esophagus_mucosa
56437	Rrad	esophagus_mucosa
56496	Tspan6	esophagus_mucosa
56753	Tacstd2	esophagus_mucosa
56857	Slc37a2	esophagus_mucosa
57257	Vav3	esophagus_mucosa
57277	Slurp1	esophagus_mucosa
57440	Ehd3	esophagus_mucosa
57875	Angptl4	esophagus_mucosa
58235	Nectin1	esophagus_mucosa
631304	Cyp4f40	esophagus_mucosa
63954	Rbp7	esophagus_mucosa
64929	Scel	esophagus_mucosa
654824	Ankrd37	esophagus_mucosa
66166	S100a14	esophagus_mucosa
66183	Sptssb	esophagus_mucosa
66859	Slc16a9	esophagus_mucosa
67063	Tmem246	esophagus_mucosa
67138	Herc6	esophagus_mucosa
67216	Mboat2	esophagus_mucosa
67260	Cers4	esophagus_mucosa
67420	Far1	esophagus_mucosa
67859	Cysrt1	esophagus_mucosa
67860	S100a16	esophagus_mucosa
68149	Otub2	esophagus_mucosa
68159	Stx19	esophagus_mucosa
68468	Ly6g6c	esophagus_mucosa
68792	Srpx2	esophagus_mucosa
68846	Rnf208	esophagus_mucosa
69454	Clic3	esophagus_mucosa
69480	Ttc9	esophagus_mucosa
70021	Nt5dc2	esophagus_mucosa
70835	Prss22	esophagus_mucosa
71729	Rgs12	esophagus_mucosa
71740	Nectin4	esophagus_mucosa
71791	Cpa4	esophagus_mucosa
71887	Ppm1j	esophagus_mucosa
72169	Trim29	esophagus_mucosa
72258	Kcnk10	esophagus_mucosa
72383	Cnfn	esophagus_mucosa
72433	Rab38	esophagus_mucosa
72434	Lypd3	esophagus_mucosa
72640	Mex3a	esophagus_mucosa
73712	Dmkn	esophagus_mucosa
73720	Cst6	esophagus_mucosa
74007	Btbd11	esophagus_mucosa
74127	Krt80	esophagus_mucosa
74137	Nuak2	esophagus_mucosa
74253	Klrg2	esophagus_mucosa
74318	Hopx	esophagus_mucosa
74591	Abca12	esophagus_mucosa
75665	Bicdl1	esophagus_mucosa
76072	Rnf183	esophagus_mucosa
76942	Lypd5	esophagus_mucosa
78405	Ntf5	esophagus_mucosa
80718	Rab27b	esophagus_mucosa
80982	Cemip	esophagus_mucosa
93840	Vangl2	esophagus_mucosa
94088	Trim6	esophagus_mucosa
94185	Tnfrsf21	esophagus_mucosa
94346	Tmem40	esophagus_mucosa
99512	Wdr47	esophagus_mucosa
101613	Nlrp6	small_intestine
102635496	Malrd1	small_intestine
102680	Slc6a20a	small_intestine
106407	Slc51a	small_intestine
107753	Lgals2	small_intestine
107770	Tm6sf2	small_intestine
108723	Card11	small_intestine
11421	Ace	small_intestine
11806	Apoa1	small_intestine
11808	Apoa4	small_intestine
12780	Abcc2	small_intestine
13131	Dab1	small_intestine
13417	Dnah8	small_intestine
13479	Dpep1	small_intestine
13482	Dpp4	small_intestine
13809	Enpep	small_intestine
14377	G6pc	small_intestine
15567	Slc6a4	small_intestine
15985	Cd79b	small_intestine
16174	Il18rap	small_intestine
16548	Khk	small_intestine
16790	Anpep	small_intestine
16818	Lck	small_intestine
170745	Xpnpep2	small_intestine
17288	Mep1b	small_intestine
17380	Mme	small_intestine
17777	Mttp	small_intestine
18302	Oit3	small_intestine
18416	Otc	small_intestine
18489	Reg3b	small_intestine
18671	Abcb1a	small_intestine
18770	Pklr	small_intestine
19692	Reg1	small_intestine
19695	Reg3g	small_intestine
20500	Slc13a2	small_intestine
20510	Slc1a1	small_intestine
20522	Slc23a1	small_intestine
20532	Slc3a1	small_intestine
20537	Slc5a1	small_intestine
21426	Tfec	small_intestine
216019	Hkdc1	small_intestine
217214	Nags	small_intestine
22264	Prap1	small_intestine
22361	Vnn1	small_intestine
225913	Tkfc	small_intestine
226245	Plekhs1	small_intestine
226413	Lct	small_intestine
227231	Cps1	small_intestine
227326	Gpr55	small_intestine
230163	Aldob	small_intestine
230612	Slc5a9	small_intestine
232714	Mgam	small_intestine
233836	Slc5a11	small_intestine
237558	Myrfl	small_intestine
26357	Abcg2	small_intestine
268297	Scml4	small_intestine
269346	Slc28a2	small_intestine
27409	Abcg5	small_intestine
30962	Slc7a9	small_intestine
380924	Olfm4	small_intestine
381204	Naaladl1	small_intestine
434203	Slc28a1	small_intestine
547431	Btnl2	small_intestine
56485	Slc2a5	small_intestine
56643	Slc15a1	small_intestine
58805	Mlxipl	small_intestine
58866	Treh	small_intestine
60363	Cldn15	small_intestine
632778	Erich4	small_intestine
66261	Tm4sf20	small_intestine
68396	Nat8	small_intestine
70008	Ace2	small_intestine
71263	Mro	small_intestine
109820	Pgc	stomach
110058	Syt17	stomach
11657	Alb	stomach
11699	Ambp	stomach
11931	Atp1b1	stomach
11989	Slc7a3	stomach
13034	Ctse	stomach
14863	Gstm2	stomach
15186	Hdc	stomach
15220	Foxq1	stomach
16008	Igfbp2	stomach
170725	Capn8	stomach
171211	Edaradd	stomach
17833	Muc5ac	stomach
209195	Clic6	stomach
215723	Mfsd6l	stomach
226243	Habp2	stomach
230822	Ncmap	stomach
231134	Dok7	stomach
240675	Vwa2	stomach
242484	D630039A03Rik	stomach
26359	Anxa10	stomach
268949	Dpcr1	stomach
338521	Fa2h	stomach
52024	Ankrd22	stomach
66283	Gkn1	stomach
68178	Cgnl1	stomach
68416	Sycn	stomach
71889	Epn3	stomach
71897	Lypd6b	stomach
